Country,Birth Rate,CO2 Emissions,Days to Start Business,Energy Usage,GDP,Health Exp % GDP,Health Exp/Capita,Infant Mortality Rate,Internet Usage,Lending Interest,Life Expectancy Female,Life Expectancy Male,Mobile Phone Usage,Population 0-14,Population 15-64,Population 65+,Population Total,Population Urban,Tourism Inbound,Tourism Outbound,KMeans_Cluster,HC_Cluster,DBSCAN_Cluster,Cluster_Name
Afghanistan,0.042248668644271514,8.108739005076828,2.6820747146989494,9.57073837671504,23.038896969595694,0.08356313092447701,4.0362807612673395,0.07952186199780199,0.022814677766171347,0.13224210030579742,4.090490992906111,4.049776242742224,0.2564295289476765,0.3989826035426564,0.397949758997214,0.020556490882579406,17.05023058862043,0.2093878353123614,19.956389312922553,19.559499456300486,0,1,-1,Low Developed
Albania,0.014585421405246022,8.437050478742368,3.206491765668479,7.997249198313409,22.908813894783417,0.05964676830788065,5.1348930499354495,0.017613203598737207,0.17589066646366422,0.1331178455872714,4.3849070975392355,4.30406509320417,0.4456715285862049,0.22982884715049745,0.503010550089335,0.08427044457682603,14.89963379571353,0.3910540738634574,20.876184990382622,20.730317837116782,1,0,-1,Moderately Developed
Algeria,0.0218367561476341,11.388830725428955,3.26693311982198,10.389839981945498,25.502717791793675,0.03774032798284703,4.904134527459698,0.027390658145220244,0.06693948267510934,0.07994802863540473,4.285176808683964,4.239665162601087,0.40032370860774574,0.2567271037155322,0.5086694547495255,0.043280508358462394,17.36399722172184,0.4978339033420644,19.433120468204717,19.92765991164438,3,3,-1,Developing
American Samoa,0.019878039233925192,9.051344640485725,3.295836866004329,9.57073837671504,23.436618790804065,0.05921185963184608,5.267858159063328,0.019802627296179712,0.09531017980432487,0.11332868530700319,4.330733340286331,4.248495242049359,0.26826398659467937,0.2619795750994079,0.4962194713766286,0.050693114315518116,10.959998984416321,0.6312717768418579,20.350025877585416,19.93800336967164,1,0,-1,Moderately Developed
Andorra,0.011244238252930468,7.477647750778791,3.295836866004329,9.57073837671504,22.54948166197898,0.06131216820766586,7.781331200448734,0.002995508979798479,0.39515573844930313,0.11332868530700319,4.330733340286331,4.248495242049359,0.5306282510621704,0.2619795750994079,0.4962194713766286,0.050693114315518116,11.247462404188985,0.6405169604967301,20.350025877585416,19.93800336967164,1,0,-1,Moderately Developed
Angola,0.0471771423371834,9.773440193502058,4.36260854881678,9.269334706319857,24.645169545207406,0.04084660960191691,4.659075450824294,0.10566579546115268,0.03774032798284703,0.21192030582748647,3.9348376831943175,3.8910311108491924,0.2076393647782445,0.3903775014574154,0.40423358085891775,0.02416714622689389,16.6611595117049,0.3146984370716523,19.448099943803218,19.26390438619262,0,1,-1,Low Developed
Antigua and Barbuda,0.01821766149398311,7.418734737068868,3.206491765668479,9.207382154608736,20.766168981073275,0.0452674832919102,6.357975573180296,0.010407195248535672,0.26826398659467937,0.10595264800516818,4.357694534014351,4.292564705083854,0.7492366472109889,0.2443328487147195,0.5015675148104147,0.06938253914639042,11.332893899528072,0.2517758602663294,19.63662012685849,18.1340238002355,1,0,-1,Moderately Developed
Argentina,0.01746203201870631,11.821064362448888,3.448765798581265,11.077151415644309,26.538290566583484,0.08150908763403238,6.377772973098607,0.014888612493750656,0.2384110234449982,0.15390889235726546,4.37913785076799,4.279866121746726,0.5962973545700276,0.23160000222308788,0.4921131712440602,0.0982429379988464,17.47895567462218,0.6431081599707847,22.106478531779665,22.34410010222149,3,3,-1,Developing
Armenia,0.013675296200215466,8.472131452637946,2.9156895658804545,8.105423636596354,22.57657938573322,0.048057294953779306,4.579457822859602,0.019953445485139144,0.11607217125275403,0.18283424585927335,4.353745861558934,4.261595866095057,0.37421256460406,0.1999851458413849,0.5125932912900201,0.10338934340444536,14.916550819795512,0.4948838414989778,19.42863866800198,19.491473745619004,1,0,-1,Moderately Developed
Aruba,0.012004578922164421,8.083352350194954,3.295836866004329,9.57073837671504,21.914466931934335,0.05921185963184608,5.267858159063328,0.019802627296179712,0.325422400434628,0.10629853711656864,4.354734492385874,4.290459441148391,0.653926467406664,0.1948706911254234,0.5270925962298625,0.08681263929388415,11.50153156960207,0.36821578382362513,20.82589184892383,19.289718595169525,1,0,-1,Moderately Developed
Australia,0.01329583275696446,12.630514247925392,2.3287837930634687,11.567786713296986,27.427529838605388,0.08278450763261834,8.183741005233017,0.004604766386748266,0.43577045760349326,0.0791665843445819,4.435385102813694,4.377207348237933,0.6131044728864088,0.17936848281121479,0.514618422004687,0.1226259904512878,16.84971294129374,0.631967116052237,23.861148502648454,23.656971304212686,2,2,-1,Highly Developed
Austria,0.009340853461149053,10.989478214846864,3.26693311982198,10.384806726536313,26.48378470162051,0.1008194513840672,8.323178925170287,0.003992021269537453,0.46518434280978666,0.11332868530700319,4.4262275296596725,4.354734492385874,0.7672551527136672,0.1462292783152043,0.5165935725055651,0.15377698363790787,15.924834094612184,0.5057512323297598,23.62424777400956,23.11831089799232,2,2,-1,Highly Developed
Azerbaijan,0.016478859317085513,10.375086063128357,3.7647715480611597,9.429000039537872,24.101587620226063,0.05492515273694791,5.177886597969212,0.04232240680011364,0.18232155679395465,0.1692882733943211,4.2915126271330495,4.208131018193999,0.4105802087749348,0.22915620824049415,0.5198920911642302,0.05884929119308221,15.965158757271457,0.4227003398990983,20.076414872665467,20.19249911645933,3,0,-1,Developing
"Bahamas, The",0.0156461882875588,7.896609934437447,3.321154673988619,9.224319135290479,22.74137887947139,0.06283033224406119,7.287086993483513,0.012156577706466793,0.2741291060470774,0.05456102645393112,4.355722146787147,4.273455843385807,0.5306282510621704,0.22412768228304678,0.5219937961458384,0.06167384494494418,12.72216590934862,0.6006522649471692,21.42331224046319,19.85466576629184,1,0,-1,Moderately Developed
Bahrain,0.018142124235194314,9.794239146939045,2.9525035390031706,9.03338286445056,23.646727158098717,0.037962525517368596,6.452534155805308,0.008654747087750426,0.325422400434628,0.0791665843445819,4.3497815352570255,4.329720681971945,0.6658550382719378,0.22412768228304678,0.5462521658985684,0.021761491781512692,13.794100214369173,0.633682942929605,21.161471139499696,20.247089350203503,1,0,-1,Moderately Developed
Bangladesh,0.022889862909622423,10.503614429522852,3.7229092027002477,10.089226340861035,25.0020269994334,0.03283944938313604,2.8643962714929043,0.04761731547905679,0.015267472130788436,0.13889199886661863,4.240773195955449,4.2251478780523675,0.18232155679395465,0.29106097291731686,0.4815235577956385,0.042838421702279056,18.787009066585224,0.24379046764860124,18.14725554527004,20.128222135909514,3,1,-1,Developing
Barbados,0.012916225266546327,7.814244284345567,3.24918117436353,9.21509061017037,22.091353143575393,0.06830545578372675,6.718362626970468,0.014357967747947885,0.39515573844930313,0.08878544342840332,4.350774091169777,4.287293211590342,0.5835040031101182,0.18526593580135212,0.5235899656786607,0.1030424463946878,12.524498683957576,0.2835002639430154,20.644305877306273,19.392333408943756,1,0,-1,Moderately Developed
Belarus,0.0101026421778095,10.825595179578002,3.681157408020026,10.164507718841985,24.335522687922694,0.059356850207712676,5.42799518985657,0.006975613736425242,0.17589066646366422,0.1975258956187465,4.341805421187017,4.175570002144687,0.4407332469456224,0.14735843389331454,0.5303567209885466,0.13224210030579742,16.083775016784873,0.5468756350793076,19.987371735543974,20.235380198007615,3,3,-1,Developing
Belgium,0.011396352643245075,11.446779087822112,3.0185469513201624,10.973766313648014,26.690664203785836,0.09264930014457513,8.197559918758174,0.0041452427514889435,0.46518434280978666,0.08497725829016513,4.420692460177672,4.3497815352570255,0.653926467406664,0.15772669583599302,0.5052408270104641,0.15871169115482087,16.177255968625346,0.6801788385507297,23.08705456970812,23.582931639202826,2,2,-1,Highly Developed
Belize,0.025967596825786938,7.436390595242096,3.643640668635092,9.208191911841507,20.89751755920349,0.04783732941416013,5.334575114570661,0.017688780819798765,0.11607217125275403,0.1331851788532969,4.336787849195037,4.250690632612795,0.325422400434628,0.31761421798681627,0.4609240730044411,0.03966440169121147,12.542419874338236,0.37880517699974126,19.176802728368536,17.597950432925824,1,0,-1,Moderately Developed
Benin,0.03899879504015396,8.304057090420573,3.4139364074395853,8.221623684517644,22.324341578931335,0.043943272107454766,3.2756922999118614,0.07045846364856141,0.0,0.11332868530700319,4.093061688409211,4.041700828736679,0.2504593619611727,0.3664577055358967,0.4245133030788589,0.028138825170991724,15.95118160194425,0.3394348766331488,18.756603386167644,18.681860883360063,0,1,-1,Low Developed
Bermuda,0.012688391584148225,7.459870480242116,3.295836866004329,9.57073837671504,22.327020987075876,0.05921185963184608,5.267858159063328,0.019802627296179712,0.5215372793609184,0.11332868530700319,4.413264385169161,4.346797942790138,0.6089291014759282,0.2619795750994079,0.4962194713766286,0.050693114315518116,11.068184042163045,0.6931471805599453,19.880904492173475,19.729637072506865,1,0,-1,Moderately Developed
Bhutan,0.02281467776617134,7.407691053762908,3.826967755931065,9.209524654753949,20.761025230525288,0.049083161534551834,4.2809305178025125,0.04276472158801052,0.06693948267510934,0.13553899143338344,4.183810190030142,4.1791098288498105,0.3198513553851726,0.2901405862899882,0.4832804850502082,0.0410681180755217,13.399321577204306,0.27249033709786086,17.426428497635523,19.275423355043074,0,0,-1,Low Developed
Bolivia,0.02791443383155585,9.402409141763469,3.84522552450463,8.674104891282099,23.3516595286687,0.05383237588249109,4.366522448137917,0.04202742154723714,0.10919929196499198,0.14782300997600256,4.222895624848043,4.1588830833596715,0.325422400434628,0.32001893910759927,0.4561094740384631,0.04386965337881695,16.067332515606772,0.49848829244646725,19.523642537487436,19.527973202756268,0,0,-1,Low Developed
Bosnia and Herzegovina,0.008731004379890937,10.063612657582583,3.9717422401297684,8.697268637848273,23.248600956757134,0.08299691957096791,5.685148395111308,0.006975613736425242,0.2384110234449982,0.10109759616021544,4.3684736682691785,4.30406509320417,0.41058020877493484,0.169937497594233,0.5192057964423511,0.12581903640614595,15.167597120254358,0.3310730719434423,20.171751758487982,19.093625222296833,1,0,-1,Moderately Developed
Botswana,0.02499275516034438,8.553139318189707,4.28411692517192,7.988386357489384,23.017970695405182,0.050619990846508166,5.631487453773491,0.04423769283680075,0.04512043528046959,0.13768621093917444,3.9347542565899114,3.8910311108491924,0.4937577152538427,0.3051063080044523,0.47671184798085403,0.032094792263313625,14.451980584425833,0.4398417605808003,19.476064301550245,19.038358084075863,0,1,-1,Low Developed
Brazil,0.01746203201870631,12.613323338020468,4.423676477876443,11.567786713296986,27.863286112455338,0.07788653865707122,6.3276620207105685,0.019727209671044982,0.2262157503511799,0.21192030582748647,4.340803918849927,4.239665162601087,0.4795730802618863,0.24004604969715246,0.5101022852967091,0.06131216820766586,19.0490685002082,0.6048202532987114,22.213400327979016,23.089085717064414,3,3,-1,Developing
Brunei Darussalam,0.018972720424449363,8.894522586774603,4.2809305178025125,8.217230896533428,23.072921863218227,0.026342283030477687,6.563747025474136,0.007815532848147873,0.3142490998365027,0.05354076692802982,4.383947864851776,4.335781306583636,0.5661875530986573,0.24902120255701374,0.5213546142768413,0.03239272165625176,12.831078720868145,0.5529120493255176,19.655928579644346,19.894739405963406,1,0,-1,Moderately Developed
Bulgaria,0.009569451016150707,10.62268852018129,3.35394449681161,9.841865799133805,24.258382704807662,0.06952606264861023,5.785953094233274,0.013599415030091414,0.2564295289476765,0.09545003016466748,4.347793463031639,4.255067007212594,0.6499184460091252,0.13055581613837836,0.5212175935636625,0.16244584990444957,15.85207199909251,0.5360434267499471,21.88019541217637,21.20431401980455,2,0,-1,Highly Developed
Burkina Faso,0.043206840820029874,7.791967729699273,3.243193132518907,9.57073837671504,22.574346633992175,0.06297479916138844,3.3725868476208896,0.07881118042428978,0.0,0.11332868530700319,4.005933604878048,3.9760806417283665,0.15634607039069398,0.38075198248688924,0.4126698606655273,0.025367806734331543,16.447805469488927,0.2024383629861806,18.85146366654482,18.695978764797882,0,1,-1,Low Developed
Burundi,0.042912116385241034,7.310138720552893,2.810329050222628,9.57073837671504,21.061133664552067,0.08094171173228698,2.655406467616788,0.0705301508058379,0.0,0.1506721091369914,3.973190466306133,3.918157993995662,0.05971923470162228,0.3757986077596947,0.4167854064486006,0.026417203427590838,15.910611985300942,0.09215836490309857,15.77149986679251,17.836732873288447,0,1,-1,Low Developed
Cambodia,0.025967596825786934,8.250840985670886,4.388734853409,8.466968152151884,22.79305133470701,0.058776761727955214,3.5487328223706944,0.05098555473286767,0.0,0.11332868530700319,4.267004208104319,4.184981836327033,0.26826398659467937,0.3026654133120117,0.47077256430861275,0.04416409578064977,16.42142869585888,0.17660009218107703,20.739593354076373,18.922853662183634,0,1,-1,Low Developed
Cameroon,0.03907277321662565,8.560930317424278,3.501158732642211,8.889340132023735,23.615872845985837,0.04783732941416013,3.855045570685606,0.07367930886216825,0.015267472130788436,0.14622927831520427,4.001723072341704,3.9659282702643486,0.2013697517646491,0.365657556131992,0.422397859558014,0.032467190137501496,16.74356095881323,0.3994470357826014,19.269844997697252,19.83951676056582,0,1,-1,Low Developed
Canada,0.010939940038334362,13.03127623723331,2.3287837930634687,11.567786713296986,27.850542045013842,0.09670780407096283,8.249675671707946,0.004987541511039074,0.5306282510621704,0.04364876466901333,4.427147069954351,4.3694478524670215,0.45058554338863394,0.16152997910904052,0.5251380945736,0.12609031480726704,17.301783537366187,0.5897505471880998,23.502548451233203,24.000773348866556,2,2,-1,Highly Developed
Cayman Islands,0.017764352329375635,7.473025380783343,3.295836866004329,9.57073837671504,23.436618790804065,0.05921185963184608,5.267858159063328,0.019802627296179712,0.3309625808102433,0.11332868530700319,4.330733340286331,4.248495242049359,0.8362480242006186,0.2619795750994079,0.4962194713766286,0.050693114315518116,10.819895200652237,0.6931471805599453,20.066302219609987,19.547606352824843,1,0,-1,Moderately Developed
Central African Republic,0.03610936906248852,7.322815234609355,3.1812538330786166,9.57073837671504,21.158445261566108,0.04010789345692531,2.7916369172104756,0.10248716075537627,0.0,0.14622927831520427,3.9347542565899114,3.8910311108491924,0.08122543992258587,0.34691205705530725,0.43577045760349337,0.03877682766844611,15.215090295584854,0.32419943068967083,18.53332238904304,18.488339401771974,0,1,-1,Low Developed
Chad,0.04783732941416013,7.389183779743483,4.014301854548564,9.57073837671504,22.660874328997973,0.046443089599238166,3.1487834480478325,0.0944706666726065,0.0,0.14622927831520427,3.9347542565899114,3.8910311108491924,0.09531017980432487,0.39893098664327215,0.3943782341986544,0.025967596825786938,16.152681750329037,0.1975258956187465,20.09662639306693,19.71688206428091,0,1,-1,Low Developed
Chile,0.014964395904798254,10.903884676784198,3.19710202531864,10.267679175328517,25.72891806376529,0.06808989982815886,6.433928967974274,0.007968169649176874,0.30294954458256934,0.08384611642335878,4.410464569994415,4.335781306583636,0.570544858467613,0.21833199431698772,0.514480475114021,0.0800190387543765,16.618102494508904,0.6293058522244169,21.39711257229795,21.133897065491244,2,2,-1,Highly Developed
China,0.012232568435634406,15.011226578013241,3.635559816581153,11.567786713296986,28.91638034578713,0.046883585898850416,4.890927330030288,0.019500922662725052,0.15634607039069398,0.05696181331875138,4.335781306583636,4.300941717421901,0.3309625808102433,0.18769172696854847,0.539771841104284,0.07503611272654391,20.99273145499863,0.3635741663990042,24.289095042605283,24.3638954014613,3,3,-1,Developing
Colombia,0.020782539182528502,10.893481889104217,3.4729215624606007,10.201475947304848,25.980455341964067,0.0602987768795354,5.6145308278973545,0.017764352329375635,0.18232155679395465,0.1380212978973747,4.347793463031639,4.2462950211397565,0.45058554338863394,0.26531847636492256,0.4970387118695196,0.0510586514764403,17.595811564036943,0.5531332833699147,21.433988430843776,21.410820485835863,3,0,-1,Developing
Comoros,0.03751808106560819,7.2485040723706105,3.200241745323308,9.20423716988572,19.85029486367331,0.038924811390506776,3.3239286008713442,0.06564367945585523,0.022814677766171347,0.1045678939238896,4.1221592504049775,4.0749264763649995,0.2013697517646491,0.34886762289118706,0.43994085387722,0.029484116853705812,13.336033520427415,0.24643931634686117,18.14573771044257,18.825119691378728,0,1,-1,Low Developed
"Congo, Dem. Rep.",0.04453202690809416,8.063402042186105,4.423676477876443,9.90127741968313,23.488088350324485,0.05652573510848304,2.4720032449520923,0.09740588437854374,0.0,0.21192030582748647,3.9347542565899114,3.8910311108491924,0.10227884912041818,0.3781729658201569,0.4134841515141248,0.027615167032973367,17.8381563121068,0.3219720102342746,19.41199331970082,19.3642872903657,0,1,-1,Low Developed
"Congo, Rep.",0.03811062978304216,7.795139918630135,4.420692460177672,7.690030991237396,22.77299711824742,0.024242229757356765,3.9257741770409704,0.055725764155672305,0.022814677766171347,0.14622927831520427,4.047091677371555,4.000315612573824,0.3309625808102433,0.3517397087520014,0.4341771491604698,0.03432710214187732,15.120135514055606,0.4788585393240174,19.46535116313721,19.325210279616712,0,1,-1,Low Developed
Costa Rica,0.017159620282826346,8.902172977706877,4.089203162721682,8.459678152907298,23.976159389228297,0.08172177063082854,6.2459576786382005,0.009340853461149053,0.2384110234449982,0.18915711539935853,4.406719247264253,4.3487879931981475,0.3309625808102433,0.24240304471453564,0.5099637139668955,0.058776761727955214,15.293209825884185,0.5114408191099087,21.362931095528275,20.106509736407663,1,0,-1,Moderately Developed
Cote d'Ivoire,0.03625774802262424,8.867156431406677,3.6984489051300873,9.135268621928246,23.61075148260139,0.059356850207712676,4.144354982796762,0.08299691957096791,0.0,0.11332868530700319,3.9347542565899114,3.8910311108491924,0.3198513553851726,0.35109014718320575,0.43790747603475033,0.029484116853705812,16.694509258925137,0.38975256653446233,19.086140452313074,20.047202661409774,0,1,-1,Low Developed
Croatia,0.009493257637318463,9.912565454190254,3.118630409877145,9.113151505467675,24.569455258790533,0.0689518450043512,6.647688373563329,0.005599677118186266,0.3086152821182467,0.10186209562407579,4.382026634673881,4.292564705083854,0.6089291014759282,0.14795570636685543,0.5133762143963077,0.1568722477245913,15.299429900185018,0.4490647797704666,22.733161469760855,20.580549535898218,2,0,-1,Highly Developed
Cuba,0.011092100720307797,10.123555610133383,3.295836866004329,9.36438115565519,24.545969375940903,0.08108358589014711,5.999127419853552,0.0055231806561103335,0.10227884912041818,0.11332868530700319,4.394449154672439,4.343805421853684,0.03030534949532895,0.17447030338673064,0.5283178919289861,0.10726639063145728,16.23659035810279,0.566274885529611,21.520565111459,19.93800336967164,1,0,-1,Moderately Developed
Curacao,0.016327516146157215,9.051344640485725,3.295836866004329,9.57073837671504,23.436618790804065,0.05921185963184608,5.267858159063328,0.019802627296179712,0.09531017980432487,0.11332868530700319,4.353745861558934,4.265924877184642,0.570544858467613,0.19373058459199521,0.5094554547437559,0.11497567991482519,11.848842052741713,0.6438761315531626,19.646038636171404,19.39524038772408,1,0,-1,Moderately Developed
Cyprus,0.012156577706466793,8.955577146281511,2.9995710498611565,8.083684670744917,23.620359842845726,0.06412978376967923,7.338688183825716,0.003992021269537453,0.325422400434628,0.08667157567395775,4.405780720681989,4.352756252373768,0.5396373210045363,0.17891833650606698,0.5275011949688914,0.10408277661994414,13.857644847971105,0.5193888544264784,21.66609363359911,20.881846252288824,1,0,-1,Moderately Developed
Czech Republic,0.010026489415331241,11.540048891843158,3.2986818181365605,10.68746636770288,25.709719326336476,0.06765864847381481,6.914730892718563,0.0042218446895554325,0.36890751237436675,0.059356850207712676,4.389689507419451,4.309249137991758,0.7271769291462566,0.13902588559864348,0.5336102258919246,0.1360762287037089,16.14928469197281,0.5512290691683214,22.53767706356457,21.863536693506596,2,2,-1,Highly Developed
Denmark,0.011624480852287367,10.669111017628431,2.465488563930899,9.852902509303798,26.293236454836755,0.09593935246306118,8.499358165583631,0.003915401723853876,0.5748832600662112,0.10463717718854475,4.399186254956708,4.343805421853684,0.7121953755306398,0.16883356553628026,0.5062613772683597,0.1458304482115395,15.512030838457822,0.6209899671603991,22.411429614250277,22.760080872468578,2,2,-1,Highly Developed
Djibouti,0.02851269888080907,7.4414557290812775,3.5195500556136343,9.207359009050174,20.5784894530938,0.06995650960267023,4.347793463031639,0.06701142253341884,0.022814677766171347,0.1073354871939308,4.114649828382847,4.064413895975912,0.08829260714567834,0.31413673397313374,0.4678860040439565,0.03373230658530821,13.57852598706612,0.5699359774850302,16.223840798020618,16.641913492243475,0,0,-1,Low Developed
Dominica,0.018519753483290553,7.254123443932228,2.9484793887034453,9.20432229965062,19.815350934863083,0.05069311431551812,5.69760961554912,0.012080581202269408,0.29725152346793166,0.09475058269962663,4.334773749823336,4.255067007212594,0.6296337748376194,0.2619795750994079,0.4962194713766286,0.050693114315518116,11.16467537166425,0.5123168190737165,18.08466995331012,16.177814979862838,1,0,-1,Moderately Developed
Dominican Republic,0.02296504240069268,9.838649499363829,3.6536507622301926,8.949924208726708,24.348149020189293,0.05456102645393112,5.363816964165158,0.028138825170991724,0.16290347093685303,0.19619917463568876,4.331744974161175,4.247395736715942,0.41566927828240613,0.2827468372650499,0.48000155987995363,0.05550747914734749,16.0642876345531,0.5228606042933622,22.02456776093903,20.012424575813167,3,0,-1,Developing
Ecuador,0.022889862909622423,10.124983593604174,4.082739016101793,9.294617887163662,24.60766729473817,0.05906684803066389,5.395374271687303,0.02334085510006868,0.1228981363231539,0.11887645474980839,4.366522448137917,4.290459441148391,0.4456715285862049,0.2803669203094838,0.4819036956001686,0.055725764155672305,16.455834014274167,0.4815710829245593,20.226317832665853,20.340765772704884,3,0,-1,Developing
"Egypt, Arab Rep.",0.023866755716975132,11.864431380160879,2.980228087018026,10.956611527613953,25.678150090270112,0.050912452645770524,4.535902551482513,0.02506777672908057,0.1497453863593419,0.11860321204027309,4.2915126271330495,4.2251478780523675,0.3528213746227424,0.28286278601583204,0.4814285007613463,0.0531031939922265,18.108204034988002,0.35751305416467916,22.833544303349605,21.504142086070047,3,3,-1,Developing
El Salvador,0.02130978658675106,8.810895566960324,3.6375861597263857,8.539511505412788,23.631892183641074,0.06837729744473686,5.348205828466531,0.019350036204498388,0.07410797215372189,0.11470136911897535,4.338797900123062,4.208131018193999,0.5260930958967791,0.29850787678263535,0.4629112298439761,0.06152918994686177,15.625454327100538,0.48342280341663363,20.296734227796943,19.483532994550863,1,0,-1,Moderately Developed
Equatorial Guinea,0.0370734389951433,8.515638136791443,4.423676477876443,9.24309049177777,22.812216466134842,0.029260027216913724,6.129385330707113,0.08136727383531211,0.022814677766171347,0.14622927831520427,3.9512437185814275,3.901195366776083,0.2384110234449982,0.34020153786121576,0.4464101719781533,0.03149866705937099,13.343268856872335,0.32924840526815696,20.185477399134857,19.780670619752154,0,1,-1,Low Developed
Eritrea,0.038554811016285315,7.510725237387948,4.196623411342519,7.690030991237396,21.09475277707524,0.03239272165625176,2.2713325494899412,0.0452674832919102,0.03030534949532895,0.11332868530700319,4.134550982700141,4.056456294302598,0.1497453863593419,0.3647499454880162,0.43168251133529034,0.019802627296179712,15.429622667759116,0.1765356197269107,19.134572797423807,19.93800336967164,0,1,-1,Low Developed
Estonia,0.010787756199964254,9.638339416692022,3.2843754224853225,8.558438480949901,23.461398511708975,0.0531031939922265,6.462669377699352,0.005523180656110333,0.4603417183339986,0.06477887686520348,4.377207348237933,4.230756417711977,0.7197142079446671,0.1472920482591414,0.5150321485373542,0.15509528848904133,14.11820626351426,0.522404483139678,20.91997063749331,20.23725789774884,1,0,-1,Moderately Developed
Ethiopia,0.03759216885967801,8.696870228908361,3.200241745323308,10.253618825591534,23.682911332418566,0.043206840820029874,2.390877700139724,0.06441832160620463,0.0,0.08970006691355807,4.091777166716855,4.053789626055683,0.03774032798284703,0.37542875596037667,0.4138401953621423,0.031349580216008754,18.17866821775673,0.14961292725589634,20.570204308534766,18.478223708672207,0,1,-1,Low Developed
Faeroe Islands,0.01821766149398311,7.574124019278688,3.295836866004329,9.57073837671504,22.293259980784214,0.05921185963184608,5.267858159063328,0.019802627296179712,0.5169606123335067,0.11332868530700319,4.428983617761652,4.36554540849009,0.653926467406664,0.2619795750994079,0.4962194713766286,0.050693114315518116,10.795554946308798,0.3332252124976488,20.350025877585416,19.93800336967164,1,0,-1,Moderately Developed
Fiji,0.022664290518726468,7.710963449104556,3.7647715480611597,9.22091503188626,21.777702760070948,0.03670275285085347,4.859812404361672,0.019878039233925192,0.1228981363231539,0.07453645177178925,4.28411692517192,4.203543854187092,0.36890751237436675,0.2695572675932326,0.4995157537735459,0.04173234925238448,13.636043753254532,0.40725837104549717,20.309729786189337,18.492643569065354,1,0,-1,Moderately Developed
Finland,0.010939940038334362,10.863608181422002,2.9484793887034453,10.464592341249581,26.037752403014668,0.07987701347363785,8.087238334754787,0.002918813040810851,0.5441116013994574,0.0882926071456783,4.4262275296596725,4.3428059215206005,0.7743726204825311,0.15864605497613563,0.5102408374271699,0.15047359797008644,15.479217561170174,0.6044840905927975,22.01588329939151,22.146615106258217,2,2,-1,Highly Developed
France,0.012916225266546327,12.678066840361948,2.70805020110221,11.567786713296986,28.410669431517228,0.1045678939238896,8.249454510611292,0.003992021269537453,0.42577037426890996,0.09496046831273838,4.4471659368448435,4.359663038587023,0.5792029212107276,0.169937497594233,0.500542160507307,0.15298516571464982,17.965870547732955,0.5730200535129395,24.706048357574012,24.3638954014613,2,2,-1,Highly Developed
French Polynesia,0.01799103259782899,7.598360770647293,3.295836866004329,9.57073837671504,23.375448594209733,0.05921185963184608,5.267858159063328,0.019802627296179712,0.24445333790096083,0.11332868530700319,4.356708826689592,4.290459441148391,0.4307829160924542,0.23913803183761548,0.5154916440194085,0.05397814847750141,12.455918945355656,0.44680389214663324,20.16444780938862,19.479538847329568,1,0,-1,Moderately Developed
Gabon,0.032467190137501496,7.909574237239565,3.8303122406539125,7.9067455410786875,23.075768739104863,0.03283944938313604,5.4777501394361,0.04754396674245589,0.052446475372542496,0.14622927831520427,4.14191297914121,4.1058169633843375,0.5306282510621704,0.33206694315329655,0.438552653356815,0.0541238998259594,14.165825442612526,0.6079662950302852,19.8093760691038,19.711184043181902,0,1,-1,Low Developed
"Gambia, The",0.04305948946044697,7.385278640958406,3.332204510175204,9.206625789140121,20.443052669625626,0.043501478417918585,3.158635744490844,0.05470669287807799,0.052446475372542496,0.21192030582748647,4.081441157386193,4.038994467138935,0.34740130715340317,0.37812026350914835,0.4154154389613325,0.025142792670003185,14.216047748937678,0.4254688212686855,19.189541754086537,18.531258404840646,0,1,-1,Low Developed
Georgia,0.012916225266546328,8.630604290909515,2.743318339939668,8.250820905551208,22.84617655761991,0.08370463368401693,5.142113297908936,0.02085787726219649,0.11607217125275403,0.1757616258802217,4.352756252373768,4.253974707813985,0.38473897759104747,0.17149391814189122,0.5144344885880651,0.13129813152152192,15.296735009181031,0.4228011463507966,19.993933333850403,19.38883384283076,1,0,-1,Moderately Developed
Germany,0.00834965975413544,13.430905888513248,3.2901225647408903,11.567786713296986,28.68230696247627,0.10345870836822998,8.245485411945594,0.003838776307165681,0.5031035776720805,0.10871641677884256,4.418840607796598,4.351765662892072,0.6815416344396374,0.1330505077871719,0.5107025392683278,0.17492245596362935,18.223378724705043,0.5521152012599793,24.436190414549557,24.3638954014613,2,2,-1,Highly Developed
Ghana,0.03276500861933943,8.982300236552646,2.9444389791664403,9.130989091878165,23.706864983327065,0.05317613611268628,3.84850959970582,0.05645303691500112,0.03030534949532895,0.11332868530700319,4.112134103785599,4.080141612044107,0.2915208487589466,0.33614251193833333,0.44901568435351397,0.03298831428850958,16.907081399672904,0.39204208777602373,20.38757790945898,20.181848828443634,0,1,-1,Low Developed
Greece,0.009874166490436568,11.31136180683299,3.3239286008713442,10.264770325644054,26.205017885357837,0.08857425761930472,7.616207809743367,0.004910998206627252,0.26236426446749106,0.10442931299240397,4.420692460177672,4.357694534014351,0.6697998165629542,0.1363447391436654,0.5128696870905636,0.16896350316640069,16.220748450983717,0.5585602860342807,23.28837494503767,21.891547691480213,2,2,-1,Highly Developed
Greenland,0.015418975805042322,7.498827140003971,3.295836866004329,9.57073837671504,22.256055619976248,0.05921185963184608,5.267858159063328,0.019802627296179712,0.4307829160924542,0.11332868530700319,4.293615677329829,4.219507705176107,0.570544858467613,0.2619795750994079,0.4962194713766286,0.050693114315518116,10.944535915291128,0.6057021431196469,20.350025877585416,19.93800336967164,1,0,-1,Moderately Developed
Grenada,0.018821754240587758,7.315269568135237,3.0980111226744094,9.20548243745041,20.34435351522269,0.061529189946861754,6.0340081357573405,0.012384532572390644,0.17589066646366422,0.09991494619107313,4.31748811353631,4.250690632612795,0.46518434280978666,0.2627783798932926,0.4849396070444092,0.0723922153702187,11.546110247007404,0.30640946125269725,18.442743268997773,16.148401097468568,1,0,-1,Moderately Developed
Guam,0.01904819497069448,9.051344640485725,3.295836866004329,9.57073837671504,23.436618790804065,0.05921185963184608,5.267858159063328,0.019802627296179712,0.3528213746227424,0.11332868530700319,4.389689507419451,4.322603214203081,0.37421256460406,0.25392639872955797,0.49802091535813137,0.06348026907863878,11.973372032176323,0.6611403844248589,20.350025877585416,19.93800336967164,1,0,-1,Moderately Developed
Guatemala,0.033509167010578926,9.304608050522898,3.559734033432668,9.072500811409732,24.18045459050181,0.06427406309470228,5.077574776771365,0.03216928293339165,0.07410797215372189,0.13748510485503762,4.309249137991758,4.210416733474855,0.5260930958967791,0.3555743384946993,0.4254688212686855,0.042101176018635396,16.38424008111473,0.38943995255807173,20.657208214907826,20.243988572530252,0,0,-1,Low Developed
Guinea,0.038924811390506776,7.773788616985448,3.621259266438957,9.57073837671504,22.077592658001162,0.056598428017321796,3.1618983901256605,0.07987701347363785,0.0,0.1183982310003015,4.003128553950439,3.9875585295730533,0.18232155679395465,0.36036045179590837,0.42752762337178163,0.03194579427451082,16.11107465364592,0.2872011876144302,19.40324887260854,17.428505341524293,0,1,-1,Low Developed
Guinea-Bissau,0.03907277321662565,7.301770470882377,4.423676477876443,9.205814762219779,20.272624697728332,0.05725242651463571,3.295836866004329,0.08991101512655425,0.0,0.11332868530700319,4.007333185232471,3.9615455021092534,0.2741291060470774,0.3549812026761724,0.43447608793007186,0.029185319510779097,14.19278815600038,0.3489761533883633,18.933826756456035,18.63224988515959,0,1,-1,Low Developed
Guyana,0.0216109460529634,7.873714909704413,3.4657359027997265,9.218224594267936,21.119360564511044,0.05579851523787673,4.740910675222472,0.03432710214187732,0.1497453863593419,0.1402300602156528,4.232991055513394,4.139464997502571,0.3582122232576188,0.3123371608859725,0.46759688921517056,0.03677690107318381,13.551054106398896,0.24962068701834605,17.81300531255804,17.840862266556567,0,0,-1,Low Developed
Haiti,0.027989236539448757,8.004981992799987,4.423676477876443,8.132616094212977,22.362355295461615,0.05768818801474059,3.530875204970688,0.063696820853405,0.06693948267510934,0.21192030582748647,4.139464997502571,4.082739016101793,0.18232155679395465,0.3202981829171824,0.4574735313454988,0.04158478044816184,16.054204903559775,0.3752173506427456,18.858935681335133,19.504829973974815,0,1,-1,Low Developed
Honduras,0.028138825170991724,8.907456150703787,3.4705320750632196,8.47853232152147,23.186407599638585,0.07653359936856025,4.884548647921313,0.024767656678808654,0.08122543992258587,0.18238565730357562,4.321582285068974,4.255067007212594,0.40032370860774574,0.3302440907138415,0.44911387277717774,0.04077276253915027,15.769384864799562,0.39985968343894424,20.00187744933348,19.62041380703301,1,0,-1,Moderately Developed
"Hong Kong SAR, China",0.009721820359733627,10.433805800801265,2.5998366164619773,9.533732935908112,26.020704571011105,0.05921185963184608,5.267858159063328,0.019802627296179712,0.4554755286828257,0.057542955279026746,4.458809597276907,4.3849070975392355,0.9007865453381898,0.13136558742225243,0.5522480533736303,0.11538700507315754,15.743741310446543,0.6931471805599453,23.60995132175487,23.421162096792006,2,2,-1,Highly Developed
Hungary,0.009569451016150707,10.78658099396825,3.1683919194362087,10.158684178914537,25.38840019424178,0.07560684827745777,6.727615954770315,0.007204752557362889,0.3582122232576188,0.09468061103812098,4.36260854881678,4.252881213992613,0.6618946370558408,0.1436340348023321,0.5220394363640065,0.1484200051182733,16.125461006167495,0.5127314987396218,22.382694657759934,21.70266137074105,2,0,-1,Highly Developed
Iceland,0.014433791382211,8.052320989234609,2.5226469777708473,8.379009234136696,23.30729890765062,0.09152680809462532,8.338305731356565,0.002381776701232193,0.5962973545700276,0.13748510485503762,4.434473110046424,4.391596085690033,0.7008100533055145,0.1976521582451769,0.5082993585202826,0.1122979344856282,12.622013460547205,0.6582371629937486,20.24050424845328,20.420704384080828,1,0,-1,Moderately Developed
India,0.022739486969489426,14.059607145490398,3.750408644060798,11.567786713296986,27.697476982149926,0.04032956560472778,3.6396084051071536,0.05281137229321238,0.03030534949532895,0.10802619035718257,4.202393767803855,4.156476343329107,0.21386991452888054,0.27611543608031547,0.491125145098616,0.04673677535758988,20.85568836995559,0.25916388243163524,22.970915383172297,22.858478612946755,3,3,-1,Developing
Indonesia,0.020481130092762666,12.6112043647371,4.390643250934761,11.567786713296986,26.784733533644392,0.02619242539495073,3.954197930478859,0.031945794274510816,0.04512043528046959,0.14076478384312552,4.277733924776886,4.220638287546393,0.3528213746227424,0.2624234343145542,0.5014277556617863,0.04776399681411992,19.244053911403082,0.38342921970898397,22.5634857458198,22.53669898253175,3,3,-1,Developing
"Iran, Islamic Rep.",0.01836871889608304,12.917474121099959,3.1651504255120377,11.567786713296986,26.32029315493738,0.055434706888100586,5.584941186940885,0.020782539182528502,0.09531017980432487,0.11928617887463336,4.31028272981504,4.267004208104319,0.2915208487589466,0.23707680043186152,0.5210348700694808,0.04754396674245589,18.07909395953208,0.5193430930719345,21.181007090252656,22.39372648217374,3,3,-1,Developing
Iraq,0.033285977633466746,11.309047066221787,3.537609237152032,10.231609084812634,25.155895928682952,0.031796774081999,4.4632520745964674,0.03194579427451082,0.022814677766171347,0.13210730216580763,4.297808555589865,4.2138355402236405,0.3582122232576188,0.349138927051944,0.4367649877700018,0.03373230658530821,17.151183639092753,0.5237266617351922,20.418202819302515,20.536658186083322,3,3,-1,Developing
Ireland,0.015494719035527313,10.534845250400254,2.886089096104164,9.563869604116777,25.97874746738031,0.07617725827509852,8.198787536065122,0.004375030964364792,0.4054651081081644,0.07795769530846923,4.413264385169161,4.355722146787147,0.6892936112439554,0.19138294225872168,0.5169147397217415,0.10636770058445251,15.262464255230176,0.47465625053642424,22.677100547655346,22.540068076501868,2,2,-1,Highly Developed
Isle of Man,0.017764352329375635,9.051344640485725,3.295836866004329,9.57073837671504,22.721898624796555,0.05921185963184608,5.267858159063328,0.019802627296179712,0.09531017980432487,0.11332868530700319,4.337793379697056,4.255067007212594,0.4054651081081644,0.2619795750994079,0.4962194713766286,0.050693114315518116,11.303571969186601,0.41820413388559413,20.350025877585416,19.93800336967164,1,0,-1,Moderately Developed
Israel,0.021234482546653725,10.947087087589026,3.111804444806745,9.93969707981158,25.86914765735991,0.07332194903275675,7.464465751672382,0.004375030964364792,0.34740130715340317,0.07410797215372189,4.425307143032344,4.39634668844863,0.7492366472109889,0.244272598677045,0.48323304109337334,0.09698709467464953,15.772946479924284,0.65011922906371,22.175779997604998,22.14594775986231,2,2,-1,Highly Developed
Italy,0.009493257637318463,12.85460418645581,2.75317063638268,11.567786713296986,28.209049688142542,0.08335083923489932,7.882837278898121,0.003838776307165681,0.3309625808102433,0.05587126102774623,4.4444595752471,4.375273111658102,0.8160453168830992,0.13197248585282959,0.5082530868593531,0.17936848281121484,17.879454343455567,0.5179692777713704,24.372112248082516,24.0536637712264,2,2,-1,Highly Developed
Jamaica,0.016705831135725886,9.237633727281207,2.805688670666126,8.406570994110295,23.17887499770388,0.04886342155930397,5.386257799011434,0.017386437658009613,0.15634607039069398,0.17097538040665305,4.326676539590717,4.250690632612795,0.570544858467613,0.26685122441009057,0.480667719021452,0.0741793981742515,14.790939544209456,0.4252174576195727,21.354455777911163,19.39813894046717,1,0,-1,Moderately Developed
Japan,0.008731004379890937,13.84220199708519,3.255133572890825,11.567786713296986,29.198654108971162,0.08243038744052583,8.092286467762387,0.0026886899239283164,0.5031035776720805,0.02537204002620444,4.461477451238099,4.381064633637691,0.5877866649021191,0.12886668361284875,0.5048694594451525,0.1870539311691361,18.664129954995083,0.6219403215488083,23.191880229420196,24.3638954014613,2,2,-1,Highly Developed
Jordan,0.02933472934222393,9.773545315575161,3.145477659913333,8.841759670098773,23.576339651967857,0.08709470685093376,5.585518554162467,0.019727209671044982,0.15634607039069398,0.08808131721990019,4.321582285068974,4.2809305178025125,0.5077439572285826,0.3155404005801774,0.46783782404346536,0.03202029604396231,15.528060486227886,0.5956615592746883,21.644008184521695,20.613365116721557,1,0,-1,Moderately Developed
Kazakhstan,0.019274584437004937,11.970211061807916,3.1651504255120377,10.868486393931272,25.2234240120837,0.038628822043962216,5.442750655422489,0.026417203427590838,0.11607217125275403,0.11332868530700319,4.296761983019193,4.140689737398466,0.5215372793609184,0.22639978249598053,0.5160427600432778,0.06837729744473686,16.55832647963381,0.4351732643937472,20.70658908924484,20.89281385144598,3,3,-1,Developing
Kenya,0.037295784743696894,9.14839949966663,3.673375267577971,9.710266814873172,23.883590879491713,0.04372239966039449,3.364639785928358,0.057542955279026746,0.08122543992258587,0.14795570636685543,4.06836907581884,4.023977120071983,0.2444533379009608,0.3573516380065713,0.43412731734284393,0.026567027384721796,17.42468123197799,0.19948117707678095,20.840775331809308,19.009748644558975,0,1,-1,Low Developed
Kiribati,0.0246926125903715,7.2103638563510835,3.377850017665164,9.203331249986055,18.556355857644842,0.09956684161694494,4.874022234934325,0.04871690141252169,0.04512043528046959,0.11332868530700319,4.255067007212594,4.172017600540318,0.03774032798284703,0.3095752731567636,0.47038817068481364,0.03603517132548545,11.427763844656845,0.36180790158892306,19.581882543411094,19.465459405817025,0,0,-1,Low Developed
"Korea, Dem. Rep.",0.015343226837085791,11.110085753643784,3.295836866004329,9.876400922725823,23.436618790804065,0.05921185963184608,5.267858159063328,0.028587456851912555,0.09531017980432487,0.11332868530700319,4.28411692517192,4.180286992022825,0.30294954458256934,0.21647521344064385,0.519846352833214,0.07367930886216825,16.98915154422713,0.469282215243064,20.350025877585416,19.93800336967164,3,0,-1,Developing
"Korea, Rep.",0.009874166490436568,12.92644319234447,2.886089096104164,11.567786713296986,27.517562592232302,0.05863168701422332,6.979718094789471,0.004528193776733441,0.5396373210045363,0.06174616459784136,4.42161710194489,4.336787849195037,0.6214032757011039,0.16844365131246838,0.5426373008665963,0.09173737135211503,17.696787318681576,0.5943462999578201,23.125939883078313,23.54225634236709,2,2,-1,Highly Developed
Kosovo,0.019500922662725052,9.051344640485725,3.5813799002073603,8.014615510938942,22.19600013483109,0.05921185963184608,5.267858159063328,0.019802627296179712,0.09531017980432487,0.12595468480570282,4.279866121746726,4.218375843142423,0.4054651081081644,0.26052826051663763,0.49699191620278976,0.05178932519008221,14.36642419618381,0.44468582126144574,20.350025877585416,19.93800336967164,1,0,-1,Moderately Developed
Kuwait,0.02130978658675106,11.003885425586367,3.5103966736271475,10.119426753186385,25.27488318198149,0.02731581064696293,6.861227937313083,0.009950330853168083,0.29725152346793166,0.06535549501582039,4.327692283710552,4.303025051508755,0.5920510636885765,0.22646111901883229,0.5408473509547632,0.028064033652315076,14.72982031361542,0.6841064359077962,20.021621117893094,22.501498330504127,3,0,-1,Developing
Kyrgyz Republic,0.02281467776617134,8.674381012698383,2.9644797300498866,8.155494661360823,21.968414902160248,0.05841403547347947,3.7576158824657475,0.03231824762903431,0.1022788491204182,0.21192030582748647,4.299898420509324,4.186152111475224,0.36890751237436675,0.2743045292560177,0.490465918253628,0.04996163889704981,15.468646026218758,0.30238120128793006,19.48777590729229,19.315512096338647,1,0,-1,Moderately Developed
Lao PDR,0.02836316617025007,7.832716009867692,4.423676477876443,9.57073837671504,22.186492095882468,0.03751808106560819,3.24918117436353,0.06600379325570643,0.03030534949532895,0.21192030582748647,4.208131018193999,4.168452534375823,0.2262157503511799,0.3336661053127269,0.44901568435351397,0.03633192924739028,15.599440636835938,0.2513571624105252,19.20000562534052,18.068391786180083,0,1,-1,Low Developed
Latvia,0.009493257637318463,8.904609210803478,2.960503581670247,8.549660381553739,23.70177072827143,0.06210768443114145,6.343339528095563,0.010635549198148337,0.38473897759104747,0.08674210997128905,4.36260854881678,4.216108268474643,0.5877866649021191,0.14129922169404513,0.5167312282288192,0.15858041448905966,14.608643613565507,0.517877622943388,20.282850884088962,20.32965328735129,1,0,-1,Moderately Developed
Lebanon,0.014585421405246022,9.658078728718051,3.343133580707394,8.712747323058315,24.010590785314854,0.08143818324856643,6.300362275210312,0.011776537417622539,0.2076393647782445,0.10919929196499198,4.386822806937374,4.336787849195037,0.325422400434628,0.2338552069091375,0.5060759001278856,0.0748220028873789,15.190988400121444,0.6243328645595857,22.412410306071695,21.95499597149358,1,0,-1,Moderately Developed
Lesotho,0.028587456851912555,8.684570300824369,3.9932484453507318,9.203811412321125,21.106077379064235,0.08129635939355634,4.237445405862774,0.07760186140797766,0.0,0.128393214768399,3.9347542565899114,3.8910311108491924,0.2262157503511799,0.3306310341420131,0.44700069411528814,0.04364876466901333,14.481290455073264,0.20469754185732378,17.085371975577036,19.316454751549927,0,1,-1,Low Developed
Liberia,0.03877682766844611,7.510430556378006,3.396055982161737,9.57073837671504,20.548049952408217,0.09489051133625039,3.295836866004329,0.0783134026362336,0.015267472130788436,0.15344713569481763,4.060443010546419,4.030831156499775,0.162903470936853,0.35960909663792934,0.42953213419080166,0.03008144383331205,15.060981863927914,0.38122495724411026,19.628147440522095,19.19007646579807,0,1,-1,Low Developed
Libya,0.022137756977658966,10.751085917217942,3.321154673988619,9.758337272957451,24.648661652567956,0.03358355240132249,5.645990375917484,0.01844423904111761,0.03774032798284703,0.061529189946861754,4.338797900123062,4.290459441148391,0.5661875530986573,0.267557854989488,0.500728666779121,0.0422486686442715,15.553375606518236,0.5714140458321998,19.36098844198284,20.822763044010244,3,3,-1,Developing
Liechtenstein,0.010711655594927717,9.051344640485725,3.295836866004329,9.57073837671504,22.558106975262948,0.05921185963184608,5.267858159063328,0.019802627296179712,0.5123629030848772,0.11332868530700319,4.43629626460794,4.374304588579971,0.5618111784988584,0.2619795750994079,0.4962194713766286,0.050693114315518116,10.462358007835121,0.13714983814723364,20.350025877585416,19.93800336967164,1,0,-1,Moderately Developed
Lithuania,0.010026489415331241,9.456749627148552,3.255133572890825,9.104244543306951,24.10192292236707,0.06268584445302813,6.351556722577667,0.007433838885729134,0.34740130715340317,0.07703226367096844,4.371393378372513,4.21269723617358,0.7636773313657832,0.15535874103617536,0.5197548698947181,0.14009633462037463,15.000153978381327,0.5113485639320215,20.679956778928783,20.500314576085515,1,0,-1,Moderately Developed
Luxembourg,0.011700512025104833,9.21297535888544,3.228064250922607,8.297486036614727,24.42577013440388,0.0723922153702187,8.75331067762343,0.0026886899239283164,0.5169606123335067,0.11332868530700319,4.423463824538055,4.354734492385874,0.8092193518126993,0.16818362400813647,0.5158131652770298,0.13284846717632198,13.074175378051114,0.6254446849710137,21.997962322016726,21.798215751718406,2,0,-1,Highly Developed
"Macao SAR, China",0.008578483979991823,7.856677012134806,3.295836866004329,9.57073837671504,23.606109280222682,0.05921185963184608,5.267858159063328,0.019802627296179712,0.3419517023858385,0.0642019260342562,4.409529553563509,4.351765662892072,0.8786687400845709,0.15423858805112928,0.5653575143886745,0.07060183282443423,13.096082265354939,0.6931471805599453,23.473486046730315,20.53535948460365,1,0,-1,Moderately Developed
"Macedonia, FYR",0.011396352643245075,9.300715316593777,3.1014773306508956,8.220113250860253,22.66089781357065,0.07567816732323918,5.530344419383112,0.011092100720307797,0.28575714404219654,0.11976397827623539,4.352756252373768,4.289405144793485,0.4937577152538427,0.17705128301022077,0.5274558033527149,0.10581425885465669,14.55192896507165,0.45435294760488637,18.878105597320356,18.55103402354839,1,0,-1,Moderately Developed
Madagascar,0.03677690107318381,7.938774814441189,3.1553624191458747,9.57073837671504,22.623560281058456,0.0460758610687993,2.8377280244107426,0.05215446193784955,0.0,0.21192030582748647,4.157680437393911,4.113392757192795,0.13641185548987675,0.3674170404706345,0.42325464967166265,0.028587456851912555,16.75462227526943,0.26011321203894716,19.787164787988818,18.96166245816466,0,1,-1,Low Developed
Malawi,0.04143718986417317,7.674152921281675,3.6253660483916104,9.57073837671504,21.970938318054742,0.07174804686209754,3.0147804685246853,0.06830545578372675,0.0,0.21192030582748647,3.9348376831943175,3.9333327920148973,0.0882926071456783,0.3779621399088716,0.4120077607661202,0.030006797470421422,16.41371484289774,0.1411656390061628,17.652478418788796,18.2042454237897,0,1,-1,Low Developed
Malaysia,0.01904819497069448,11.908265124328878,3.255133572890825,10.980906323992063,25.89776870660153,0.0351443688020255,5.481599999821542,0.007281120498138482,0.39515573844930313,0.05855914176409177,4.345801430500399,4.286235570032206,0.5835040031101182,0.2611801317062743,0.5051015803347535,0.043575124255120924,17.086446882996242,0.5152159720672836,23.305921415389356,22.508336318191454,3,3,-1,Developing
Maldives,0.021836756147634095,7.595619297416498,2.655406467616788,9.211239967219019,21.07093177435388,0.06506722750157282,5.7647087101078585,0.018972720424449363,0.1497453863593419,0.11785140938722272,4.336787849195037,4.307178743877449,0.6131044728864088,0.29284181497923156,0.4785249120778754,0.0447527206228973,12.624698968762315,0.30033248670838913,20.791643135325057,18.782649351007503,1,0,-1,Moderately Developed
Mali,0.046810183322387025,7.493916692254104,3.255133572890825,9.57073837671504,22.592909407745147,0.06290256831156109,3.537609237152032,0.09110554852229297,0.0,0.11332868530700319,3.9644694808006884,3.973190466306133,0.2262157503511799,0.3815401495140027,0.408486181093844,0.030379973576554583,16.334725665946507,0.28436889763691797,19.225266092116875,18.99815804480875,0,1,-1,Low Developed
Malta,0.009874166490436568,8.143249111477003,3.3725868476208896,7.690030991237396,22.61035616676727,0.07959290238429156,7.211670266465603,0.005982071677547464,0.3582122232576188,0.05477951813390889,4.416985319694851,4.361627675761188,0.6089291014759282,0.15949898945030958,0.5271834103787695,0.12459737207611367,12.910345399053572,0.6616565134685745,20.775128201102273,19.542608841190606,1,0,-1,Moderately Developed
Marshall Islands,0.023190546968115767,7.236782286120204,2.9995710498611565,9.203973995693849,18.773768742487253,0.11170338958673914,6.227448384895369,0.03202029604396231,0.03030534949532895,0.11332868530700319,4.323623102103826,4.24188000293064,0.2384110234449982,0.2619795750994079,0.4962194713766286,0.050693114315518116,10.86352130089666,0.5316684338663128,18.5104511410228,19.16565377412484,1,0,-1,Moderately Developed
Mauritania,0.035812545076931365,7.923793881974578,3.7963531201114584,9.57073837671504,21.6943669685924,0.05171628183882078,3.6088367464404,0.07060183282443423,0.007662872745569125,0.19030244512496747,4.143134726391533,4.0943445622221,0.34195170238583855,0.3464769670391979,0.4410302325440038,0.030976765835968284,14.992015315203798,0.43023276478697303,20.350025877585416,19.93800336967164,0,1,-1,Low Developed
Mauritius,0.014054615705579148,8.352645055149036,3.111804444806745,9.237042221732635,22.738967230908916,0.04423769283680075,5.665361441673484,0.013902905168991422,0.18232155679395465,0.15384294017257544,4.345801430500399,4.248495242049359,0.4984415645662691,0.20945022418220724,0.5289979635894093,0.06758675516345636,14.036266831227207,0.3465857572916986,20.99358653136094,19.616466280729856,1,0,-1,Moderately Developed
Mexico,0.021159172835430874,12.797071879644175,3.3512527051458987,11.567786713296986,27.543660104638935,0.0567437979841427,6.2084352393151105,0.016478859317085513,0.18871135489272564,0.07966393772440314,4.372364723762145,4.309249137991758,0.4054651081081644,0.27559002668675225,0.48702146253964373,0.05354076692802982,18.53623172735553,0.5686299827845794,23.204299612296428,22.877725650733005,3,3,-1,Developing
"Micronesia, Fed. Sts.",0.02566774674857779,7.25754503586506,2.960503581670247,9.57073837671504,19.390153398939237,0.10692083618591643,5.665627859684918,0.03558986925489417,0.11607217125275403,0.14036376793078714,4.2451930926536,4.2251478780523675,0.2262157503511799,0.32425505268262117,0.45625571206548526,0.038184673691113453,11.566019176095988,0.20130685670503531,18.10860090090158,17.53469538582727,0,0,-1,Low Developed
Moldova,0.011928570865273802,8.530640826830039,3.1354942159291497,8.326088560721118,22.098262628446324,0.09398062500925937,4.785566814372461,0.01844423904111761,0.16290347093685303,0.18756420034719345,4.289405144793485,4.175570002144687,0.3582122232576188,0.1744056934690858,0.5304472392053995,0.1039441284394794,15.09399516717823,0.37325972984878814,18.954020254236337,19.258926775140342,1,0,-1,Moderately Developed
Monaco,0.019802627296179712,9.051344640485725,3.295836866004329,9.57073837671504,22.404302883179522,0.037888465158142,8.542230960193208,0.0036088648220743043,0.48432368302048406,0.11332868530700319,4.330733340286331,4.248495242049359,0.4554755286828257,0.2619795750994079,0.4962194713766286,0.050693114315518116,10.452724390301718,0.6931471805599453,20.350025877585416,19.93800336967164,1,0,-1,Moderately Developed
Mongolia,0.020782539182528502,9.114862485802238,2.8600006600198657,8.234769066570975,22.1295879972379,0.057542955279026746,4.548192751245551,0.03566410003843418,0.08122543992258587,0.21192030582748647,4.251786523133432,4.139464997502571,0.39515573844930313,0.25755984228375906,0.5120402703993877,0.03677690107318381,14.761353609609372,0.49131341583248656,19.244518752463748,19.200358421250126,1,0,-1,Moderately Developed
Montenegro,0.012536473619556768,8.640948103459372,3.069840245707713,8.883501584323207,21.77449372969742,0.07475062275244013,5.845994034111991,0.00880725585730026,0.2504593619611727,0.10213995058557442,4.350774091169777,4.283055917114827,0.7884573603642702,0.18296237706580393,0.5155835177849194,0.11744109686009573,13.331690192636884,0.4819512026668537,20.42853332878896,19.44340833869173,1,0,-1,Moderately Developed
Morocco,0.02085787726219649,10.560136311143388,2.894636156682622,9.505795998071077,24.947371894410008,0.05237348000771574,4.81655253704517,0.03373230658530821,0.2076393647782445,0.11559260422407197,4.276666119016055,4.229637223414962,0.45058554338863394,0.2654364635044612,0.49867518213537276,0.04813060604944647,17.23229799103606,0.4433535732663064,22.540480604868975,20.986103362958286,3,0,-1,Developing
Mozambique,0.041879896283268166,8.017003116848395,4.0981833385292665,9.117077326131792,22.76772326921025,0.05964676830788065,3.1083739097099556,0.08384611642335878,0.0,0.1816803256081484,3.9347542565899114,3.8910311108491924,0.1228981363231539,0.3701832939635247,0.41881154431123435,0.03157320214679789,16.89011872263137,0.2639606227454234,18.890203494613758,19.06253463538792,0,1,-1,Low Developed
Myanmar,0.018746262601250962,9.230497385942085,3.4189869232256536,9.559338230050589,23.436618790804065,0.020405763623269253,2.2553322081435003,0.04835050709486256,0.007662872745569125,0.1455644730786463,4.200089619319005,4.137011008541004,0.007662872745569125,0.24529635595534302,0.514342509191385,0.04835050709486256,17.738800194335987,0.25874826716663524,18.898585773314366,18.17811911952615,0,1,-1,Low Developed
Namibia,0.02843793532053351,8.111258742415634,4.214972550010716,7.734996194022781,22.76987322272088,0.0689518450043512,5.611723414486918,0.04261730506235106,0.03774032798284703,0.11353470803890656,4.119662370206391,4.038994467138935,0.3528213746227424,0.3297463719146825,0.45464591635698187,0.03306273843173598,14.540567471948874,0.32007479410803263,19.91332551748597,18.77133762260779,0,1,-1,Low Developed
Nepal,0.026716828897997213,8.276609988010403,3.4189869232256536,9.16823550364304,23.086674841920818,0.05499796208570045,3.184443628446717,0.04416409578064977,0.022814677766171347,0.08264287460355929,4.208131018193999,4.176751337190518,0.13641185548987672,0.32697674736686516,0.4500952271248271,0.04372239966039449,17.054300153273292,0.14436670876190696,19.425545737106766,19.588388466061446,0,1,-1,Low Developed
Netherlands,0.011624480852287367,11.898074829545205,2.576714199041123,11.263906751167514,27.208205534799447,0.09998455256704526,8.37309184744198,0.004451615302905001,0.5618111784988584,0.03216928293339165,4.417913394007406,4.363588460703129,0.7084146526907338,0.16636153721522523,0.5150321485373542,0.13547181647618223,16.610513464249486,0.6052822925802693,23.542040603034458,23.603263456303008,2,2,-1,Highly Developed
New Caledonia,0.017386437658009613,8.206079761938838,3.295836866004329,9.57073837671504,23.371290410529728,0.05921185963184608,5.267858159063328,0.019802627296179712,0.27996002635787065,0.11332868530700319,4.385865410981047,4.293615677329829,0.48905182421643,0.23068427919581855,0.5089469370618087,0.07432223491210328,12.373761055593656,0.4998424520239489,19.064354840148265,19.20913810886209,1,0,-1,Moderately Developed
New Zealand,0.014206303229571173,10.297702434010512,2.4849066497880004,9.765034176691135,25.4371096241635,0.08476526662770989,7.744103298183089,0.005370170174593844,0.5123629030848772,0.07060183282443423,4.418840607796598,4.367498534110972,0.621403275701104,0.19379395795619145,0.5082993585202826,0.11655150840713681,15.242114406910682,0.6207832488134097,22.221806567334532,21.619008433340973,2,2,-1,Highly Developed
Nicaragua,0.02499275516034438,8.509176528283579,3.6253660483916104,8.213131549392537,22.698346628837214,0.0642019260342562,4.473834183927004,0.025517787986956145,0.03774032798284703,0.13217470350711982,4.334773749823336,4.251786523133432,0.3086152821182467,0.3155965062833368,0.4617484953493342,0.04114194333117518,15.526344304776,0.4461147800894359,19.317396518999146,19.26158458400238,1,0,-1,Moderately Developed
Niger,0.0498884619184946,7.644367113007409,3.234143296998989,9.57073837671504,22.12380116236285,0.06938253914639042,3.0260376230493202,0.07681858084669299,0.0,0.11332868530700319,4.018459864697228,4.015689779823412,0.0882926071456783,0.3994470357826014,0.39443008662665596,0.02506777672908057,16.442575279345228,0.15674072934470815,18.401654748276684,18.777278768855982,0,1,-1,Low Developed
Nigeria,0.04151098787904006,11.260100555827922,3.403758202523829,11.4918330370079,25.92074360580773,0.058268908123975775,4.0736184317049835,0.0900516225508579,0.10227884912041818,0.1729185120498554,3.9347542565899114,3.908941338890738,0.23233197736861602,0.3626646620161636,0.42883101236720883,0.026941489100387454,18.787494311830937,0.3363623404729623,19.81062229463705,22.253477375299354,0,3,-1,Low Developed
Norway,0.012384532572390644,10.569471041056003,2.6499864001474487,10.236142071377387,26.524255683854875,0.09264930014457513,8.817833253012992,0.0032255615094738013,0.5877866649021191,0.07260684602745474,4.427147069954351,4.3684736682691785,0.6931471805599453,0.17730901497041035,0.5047765960007805,0.13922668209207276,15.363901316058413,0.5763108120573966,22.17397851990691,23.124804813128865,2,2,-1,Highly Developed
Oman,0.021987267887833947,10.32855164729762,3.2033716383322357,9.576878057250589,24.434496422287,0.02724095754613828,6.023261321189981,0.011092100720307797,0.19506058257138437,0.07310747182013834,4.354734492385874,4.298854033991417,0.5962973545700276,0.2813544026005252,0.5009617507137009,0.024467446529450952,14.76622837211666,0.549720840163968,20.619271909559956,20.8526733543337,3,3,-1,Developing
Pakistan,0.027615167032973367,11.665283990397155,3.200241745323308,11.172673169844552,25.627188074087464,0.030529205034822874,3.2461916355151637,0.07610597481639493,0.08122543992258587,0.11367203294986118,4.205840066447443,4.181462771111837,0.2504593619611727,0.3202981829171824,0.4580089023460457,0.04077276253915027,18.898508277824668,0.30130045831421814,20.534244967911196,21.078408839531193,3,3,-1,Developing
Panama,0.021610946052963403,8.895397777289835,2.8687726460927028,8.270938468681814,23.747011282773286,0.07396510480581119,6.07711281600057,0.018595262223463103,0.20136975176464914,0.08412902186410269,4.382987711153432,4.311315254429229,0.6172624830350725,0.26567239602885395,0.49051302030022065,0.06051601863425487,15.04760677338683,0.4944616927556369,21.240134702548378,19.85154392003968,1,0,-1,Moderately Developed
Papua New Guinea,0.03172225565728402,8.420462002456466,3.8369678392656485,9.57073837671504,22.628212150573166,0.04202742154723714,3.828641396489095,0.05281137229321238,0.0,0.11435837477501934,4.156476343329107,4.090490992906111,0.09531017980432487,0.3339415646428988,0.455573084899673,0.026192425394950723,15.64925143548645,0.12303418149035915,17.864213856675153,18.694809857601783,0,1,-1,Low Developed
Paraguay,0.025367806734331543,8.478580293505841,3.826967755931065,8.512536210648591,23.318199541767626,0.06909543033017759,5.114302068491522,0.02311538442908982,0.09531017980432487,0.21192030582748647,4.31028272981504,4.252881213992613,0.4603417183339986,0.30294954458256934,0.46846398306014275,0.04747061262542318,15.609904259681555,0.45405989299694755,18.79700748111254,19.05481258933481,1,0,-1,Moderately Developed
Peru,0.021610946052963403,10.386905612333523,4.007333185232471,9.57932766840176,25.326651438634606,0.04725051798383921,5.199346648988981,0.020481130092762666,0.19506058257138437,0.204760224027401,4.334773749823336,4.2626798770413155,0.38473897759104747,0.2747721740882966,0.4877774276122625,0.0537594816155929,17.147955055823648,0.561767317887873,21.313016384688975,20.890668973955908,3,0,-1,Developing
Philippines,0.026567027384721796,11.055616303547206,3.692718230421102,10.523770366043102,25.6562803577757,0.03662859913015655,4.124649911717429,0.026866607974140328,0.11607217125275403,0.08702419742026819,4.277733924776886,4.180286992022825,0.4456715285862049,0.31222457996831915,0.4690897502470409,0.0344014267173324,18.284301188390543,0.38080454628621285,21.86942209267483,21.75869253536248,3,3,-1,Developing
Poland,0.009950330853168083,12.474262805870351,3.4389377096450024,11.455886139061656,26.578223797772527,0.062179972716856234,6.396416703165915,0.006287882077484263,0.3309625808102433,0.10892339183908678,4.389689507419451,4.279866121746726,0.6214032757011039,0.15225878142543897,0.5327075358143797,0.12385006404853595,17.459316647524215,0.4781911734874455,22.863214346580563,22.61634304557919,2,2,-1,Highly Developed
Portugal,0.0101026421778095,10.875987016676174,3.255133572890825,10.110839375978324,25.98541349661925,0.09489051133625039,7.519900959040234,0.003838776307165681,0.325422400434628,0.11332868530700319,4.415126583100227,4.331744974161175,0.7197142079446671,0.14423353523660692,0.5137904550760626,0.15963014559188388,16.165826323661904,0.4582035116684464,23.074531198056885,22.092237953868505,2,2,-1,Highly Developed
Puerto Rico,0.01261243548673599,9.051344640485725,2.503954844758695,9.57073837671504,25.170995934745054,0.05921185963184608,5.267858159063328,0.019802627296179712,0.27996002635787065,0.11332868530700319,4.419766962656729,4.318513228951556,0.46518434280978666,0.19702068563010378,0.5060759001278856,0.1163461063318537,15.143936330052577,0.6629654920573339,21.83671621297185,21.100067639858405,1,0,-1,Moderately Developed
Qatar,0.014509609267686494,10.691425547284192,2.932218867831665,9.87262778902672,25.05904181213517,0.025667746748577788,7.268866521825272,0.008731004379890937,0.29725152346793166,0.0800190387543765,4.375273111658102,4.352756252373768,0.625526992884966,0.18609647410176913,0.577908980982748,0.013144007052581114,13.944608821468572,0.6815027231767675,21.02752134730478,21.494335135584553,3,0,-1,Developing
Romania,0.010178789141486119,11.288984480406008,2.873129951461659,10.490188157803459,25.495974242822516,0.05054686203006546,5.692176928535893,0.01678147696200349,0.21386991452888057,0.20913824090198038,4.344803924183274,4.247395736715942,0.5260930958967791,0.14802204795974142,0.5278188786040484,0.13574048923438087,16.864070398499752,0.4276279443991531,21.008849556298237,21.01202425375864,3,3,-1,Developing
Russian Federation,0.010863851014139388,14.134382886773254,3.3882939768262474,11.567786713296986,27.655120001168033,0.05521635833015313,6.021023349349527,0.013751171612824423,0.2013697517646491,0.12248988973654895,4.31028272981504,4.1258929199570265,0.6337237600891445,0.14576396106015702,0.5368082107357582,0.12446153942173477,18.78241994065799,0.5511404127561883,23.047108004392467,23.815370662895468,2,2,-1,Highly Developed
Rwanda,0.03751808106560819,7.513835136931582,2.7482566215802504,9.57073837671504,22.018399871790717,0.07667610025943196,3.5034762307825735,0.06427406309470228,0.03774032798284703,0.14702646164314567,4.072308673822921,4.029464102288242,0.11607217125275403,0.3708205749197714,0.4225491111653507,0.02499275516034438,16.100508711059067,0.18481843699254183,18.778355195217188,18.25362667110738,0,1,-1,Low Developed
Samoa,0.028587456851912555,7.274532865098679,3.295836866004329,9.204809721469688,19.905144199353227,0.05565300778036282,4.966066974616379,0.016630179586724334,0.03774032798284703,0.10857840960225038,4.3246419508929295,4.236333677010084,0.24445333790096083,0.331570131020862,0.4437484984824775,0.04732388824690451,12.10794785457536,0.19036603610778755,18.294594109121228,18.855754447934146,0,0,-1,Low Developed
San Marino,0.013144007052581112,9.051344640485725,3.3349479961209547,9.57073837671504,22.430254427923465,0.05259245011917058,8.090967920798262,0.0036855078571760105,0.38473897759104747,0.07339343121585307,4.4471659368448435,4.372364723762145,0.5618111784988584,0.2619795750994079,0.4962194713766286,0.050693114315518116,10.296537448311343,0.6625293562139318,20.350025877585416,19.93800336967164,1,0,-1,Moderately Developed
Sao Tome and Principe,0.03625774802262424,7.226936018493289,4.423676477876443,9.204353254132057,18.823686980229358,0.08398757914816675,4.356708826689592,0.0457819811166438,0.1228981363231539,0.21192030582748647,4.214972550010716,4.1588830833596715,0.27996002635787065,0.35206433138104914,0.4314327049339514,0.03759216885967801,11.988574188339959,0.4615060887352948,15.996362629175833,16.076016027730837,0,0,-1,Low Developed
Saudi Arabia,0.022664290518726468,12.685263986272133,3.5920296281240187,11.567786713296986,26.682238492878913,0.03736988900843124,6.2688048659568585,0.016327516146157215,0.21386991452888057,0.11332868530700319,4.3428059215206005,4.29571431398675,0.6697998165629542,0.29054335967786654,0.4894291115251877,0.030902186278190493,17.02511678951723,0.5943887546904676,22.363658142127065,23.205302989129198,3,3,-1,Developing
Senegal,0.03833274506178453,8.653792948714552,3.48713981146288,8.236685322712457,23.00053171302421,0.04937607307736078,3.7413259294864787,0.05419676753466655,0.07410797215372189,0.11332868530700319,4.1504340288731445,4.100734360320872,0.2741291060470774,0.36555082115483867,0.4236072323433587,0.030976765835968284,16.271830604823073,0.346422567474381,19.831480085239,19.22784319171911,0,1,-1,Low Developed
Serbia,0.009797996326253038,10.10558659804986,3.2814894175961875,9.675944916344,24.088024696721366,0.09019221020749318,5.933264867356898,0.007968169649176874,0.24445333790096083,0.15410672281720705,4.341805421187017,4.273455843385807,0.6214032757011039,0.16590549629393678,0.5203036420308662,0.128393214768399,15.815879005077152,0.43537236842626154,20.339976106017144,20.385423432704883,1,0,-1,Moderately Developed
Seychelles,0.017915478217527855,7.536692089685195,3.5553480614894135,9.21024036697585,20.58513089729575,0.038924811390506776,5.963381578365157,0.011928570865273802,0.2384110234449982,0.10671344618828395,4.356708826689592,4.238555900146801,0.625526992884966,0.2179609138501159,0.5185648294759875,0.07403654103115141,11.349181350851058,0.414551902982037,18.860423407858313,17.23449751393552,1,0,-1,Moderately Developed
Sierra Leone,0.040033991819970416,7.516140299418423,3.091042453358316,9.57073837671504,21.404354551907435,0.11170338958673914,4.0657340281808345,0.10566579546115268,0.0,0.20670142505026803,3.9347542565899114,3.8910311108491924,0.21386991452888057,0.354225793370299,0.43830455749130043,0.024542507516538175,15.45757583833894,0.31598915809037287,17.37961143888572,17.16945508972212,0,1,-1,Low Developed
Singapore,0.010331065675966452,10.22725302546867,2.3766930651477676,10.11169550563739,25.82006768186193,0.03573832531217395,7.1632319731745415,0.0023050336752170135,0.4700036292457356,0.05259245011917058,4.4262275296596725,4.3684736682691785,0.7455936559324878,0.17311261770864478,0.5463857991645416,0.08044499360960289,15.33281653155439,0.6931471805599453,22.927805474326153,23.272362389497474,2,2,-1,Highly Developed
Sint Maarten (Dutch part),0.019274584437004937,9.051344640485725,3.295836866004329,9.57073837671504,23.436618790804065,0.05921185963184608,5.267858159063328,0.019802627296179712,0.09531017980432487,0.11332868530700319,4.337793379697056,4.259424312581549,0.4054651081081644,0.2619795750994079,0.4962194713766286,0.050693114315518116,10.502078884097331,0.6931471805599453,20.25915251960947,18.508973360252973,1,0,-1,Moderately Developed
Slovak Republic,0.010254930307244151,10.41465388748424,3.458498235499496,9.79942107104969,24.926214430135307,0.06952606264861023,6.753886610667945,0.008044479313832929,0.4307829160924542,0.09545003016466748,4.375273111658102,4.272383457224055,0.6005256906795488,0.1546999794840252,0.538829820175588,0.1122979344856282,15.498680357555285,0.44058472106471464,21.234937257371698,21.08539511041801,2,0,-1,Highly Developed
Slovenia,0.009797996326253038,9.586175957393452,3.5080951766388684,8.869203426343296,24.362892041367882,0.0820052776140869,7.388089973903839,0.003455561127155018,0.4003237086077457,0.09761521347954188,4.412331984169211,4.323623102103826,0.6499184460091252,0.13506867194340907,0.5297228639473578,0.14589693094267459,14.516828383095211,0.408025928969838,21.45474576304934,20.773739565762597,2,0,-1,Highly Developed
Solomon Islands,0.03343477608623739,7.292284810557129,3.8151731794382284,9.204894802509429,20.108235857259857,0.06355245821420524,4.332755585667099,0.027764811627341658,0.022814677766171347,0.1320398962812484,4.220638287546393,4.180286992022825,0.10919929196499198,0.3449526594872609,0.4431066657812862,0.03015608462453909,13.08308922282308,0.16811860661596117,17.261338090521463,17.207951800903455,0,0,-1,Low Developed
Somalia,0.04548801477367288,7.494943474238727,3.295836866004329,9.57073837671504,23.436618790804065,0.05921185963184608,5.267858159063328,0.09705690513926653,0.007662872745569125,0.11332868530700319,4.01291200025951,3.954197930478859,0.08122543992258587,0.38928360891442526,0.40222910867439315,0.028288391429122768,15.98178300522155,0.3047660755089672,20.350025877585416,19.93800336967164,0,1,-1,Low Developed
South Africa,0.022363448157853374,12.776128688894975,3.35394449681161,11.567786713296986,26.245577290444345,0.08186353416948389,6.067713083760815,0.04512043528046958,0.13641185548987675,0.11593517556790384,4.026724374547121,3.968839480471807,0.535142931416697,0.26861686550206404,0.4989554511955033,0.04401688541677433,17.692306836446985,0.4704362279691058,22.789914357434853,22.38285562355502,3,3,-1,Developing
South Sudan,0.038628822043962216,9.051344640485725,3.2698613796010685,9.57073837671504,23.44658486435021,0.04482627437233283,4.88046819924015,0.08150908763403238,0.09531017980432487,0.11332868530700319,3.9832697453008357,3.942328354923475,0.37421256460406,0.3625040753391598,0.4256196091355742,0.03202029604396231,15.959152763233478,0.15969571721251,20.350025877585416,19.93800336967164,0,1,-1,Low Developed
Spain,0.010407195248535672,12.512797441239567,3.9227346610230738,11.567786713296986,27.762194151310506,0.08143818324856643,7.720837025150916,0.004528193776733441,0.38996092157219914,0.09859150365471617,4.442651256490317,4.36554540849009,0.6737290947028437,0.13721690048169863,0.5208978055347147,0.15674072934470815,17.601857853713916,0.5738437589331062,24.697260610698997,23.608878424744532,2,2,-1,Highly Developed
Sri Lanka,0.01844423904111761,9.31526848646979,3.6396084051071536,9.147162975370241,24.209629212686956,0.035960968082769704,4.064413895975912,0.011168172379847734,0.052446475372542496,0.1275810319826365,4.352756252373768,4.2626798770413155,0.325422400434628,0.22774831770095808,0.514296516320272,0.06931076966991796,16.801526600684625,0.16857363961370436,20.54119040490743,20.30961345977747,3,0,-1,Developing
St. Kitts and Nevis,0.019350036204498388,7.31214288371506,3.122025998878283,9.205497896865582,20.20673014402837,0.042912116385241034,6.290000959038788,0.010407195248535672,0.36890751237436675,0.09419067227066528,4.329720681971945,4.248495242049359,0.6499184460091252,0.2619795750994079,0.4962194713766286,0.050693114315518116,10.813594589331181,0.27833079290077745,18.343965837168845,16.240993875716843,1,0,-1,Moderately Developed
St. Lucia,0.017235231790933895,7.392458037064022,3.073405311872209,9.206834232646894,20.73381941969841,0.06679558743059888,6.012021037990562,0.014282138364025292,0.2262157503511799,0.1071972892943189,4.337793379697056,4.276666119016055,0.5260930958967791,0.2465595520089033,0.49633654683189304,0.07496474787370364,12.034344472497127,0.2026268229547002,19.51466696758048,17.521549656935704,1,0,-1,Moderately Developed
St. Martin (French part),0.016932751449849646,9.051344640485725,3.295836866004329,9.57073837671504,23.436618790804065,0.05921185963184608,5.267858159063328,0.019802627296179712,0.09531017980432487,0.11332868530700319,4.4113987129862124,4.329720681971945,0.4054651081081644,0.2619795750994079,0.4962194713766286,0.050693114315518116,10.269027699566646,0.44468582126144574,20.350025877585416,19.93800336967164,1,0,-1,Moderately Developed
St. Vincent and the Grenadines,0.017915478217527855,7.2976641158646185,2.881788014204773,9.205157734512088,20.181971421457344,0.04136338640275732,5.449386379837887,0.01867076526249629,0.18232155679395465,0.09635858108854163,4.313377110829788,4.251786523133432,0.5618111784988584,0.24908116717790538,0.4991422536057976,0.06744295303493707,11.597067922851839,0.38761442069107555,18.36614333724771,16.465497028763895,1,0,-1,Moderately Developed
Sudan,0.03625774802262424,9.234041874442175,3.5575434520528493,9.628488808108154,24.35148324422077,0.05171628183882078,4.204692619390966,0.058631687014223326,0.07410797215372189,0.11332868530700319,4.14191297914121,4.085329691125885,0.19506058257138437,0.3565441661569218,0.4323816374561513,0.030230719844934223,17.294325868478342,0.28402153469705055,19.116516619422814,20.365491389104406,0,1,-1,Low Developed
Suriname,0.019802627296179712,8.099507562137148,4.423676477876443,9.224417742277243,21.684598672209646,0.06427406309470228,5.75890177387728,0.02506777672908057,0.12967782330853267,0.15903980744217583,4.299898420509324,4.205840066447443,0.5215372793609184,0.25851069515150105,0.49680471163445156,0.05971923470162228,13.128544542275733,0.5097789223189522,17.93891593063879,17.814416745370547,1,0,-1,Moderately Developed
Swaziland,0.030976765835968284,7.704465206335264,3.8501476017100584,9.215626376405421,21.71964288239779,0.06679558743059888,5.130808633093224,0.07117510406908442,0.052446475372542496,0.11422114409002286,3.9347542565899114,3.8910311108491924,0.2741291060470774,0.3449526594872609,0.44211842575619986,0.031349580216008754,13.940116758524336,0.19853555052877392,18.808034108905996,18.563781596259705,0,1,-1,Low Developed
Sweden,0.011320298340436238,10.704588422033405,2.960503581670247,10.81850362622475,26.68536042512877,0.08779952785558397,8.274219704740679,0.002842111219104982,0.5835040031101182,0.08342160813907239,4.429900628371534,4.378173065357892,0.7084146526907338,0.15956456967133842,0.5010549690777859,0.16257662014133004,16.027731813194073,0.6128127636767475,22.931430354430866,23.239478579181373,2,2,-1,Highly Developed
Switzerland,0.010026489415331241,10.479273002908846,3.044522437723423,10.169245460360502,26.793741703494394,0.10137566359335928,8.722028628861748,0.0042218446895554325,0.5530005488167034,0.03216928293339165,4.441745869375504,4.382987711153432,0.6931471805599453,0.1488840883964007,0.5176026080450145,0.14981160933211535,15.835787176372275,0.5510960816024628,23.35532068440435,23.152063296111116,2,2,-1,Highly Developed
Syrian Arab Republic,0.026567027384721796,10.763930504526972,3.364639785928358,9.856694239485638,23.817515142355536,0.040033991819970416,4.347793463031639,0.015570456529409844,0.08829260714567834,0.08991101512655424,4.352756252373768,4.296761983019193,0.23233197736861602,0.3216932335047504,0.46077851612783466,0.03469866979004186,16.767396661413418,0.43293060814991324,21.48061494400952,20.44090292729849,3,3,-1,Developing
Tajikistan,0.03030534949532895,8.154411728496273,3.7266197820967832,8.084680970286481,21.978082609008563,0.0498884619184946,3.2929837970219227,0.05317613611268628,0.04512043528046959,0.19461744642638082,4.255067007212594,4.149221172447935,0.27996002635787065,0.32475551144692416,0.4581062117413446,0.03455005929786762,15.762718512856805,0.23488967926840493,18.634799082900848,18.14340587994441,0,1,-1,Low Developed
Tanzania,0.0406250520514371,8.621650222131356,3.3155836289391636,9.740339465884475,23.544093411745553,0.04966889884812083,3.1354942159291497,0.05419676753466655,0.0,0.14888408839640066,4.041700828736679,4.011520211586688,0.2013697517646491,0.36975821425467964,0.4202779314473068,0.029782824943448336,17.512509650719362,0.22793206804600694,20.711660291837777,20.243491554628182,0,1,-1,Low Developed
Thailand,0.01230855339064988,12.25169589555459,3.453643857034698,11.42055879494117,26.119118566715994,0.03618356129459586,4.847814659965026,0.014888612493750656,0.1497453863593419,0.06449044305876195,4.345801430500399,4.251786523133432,0.5031035776720805,0.1948706911254234,0.5338357711485362,0.07653359936856025,17.994069870172147,0.32863944242375065,23.627793338175447,22.436120839528204,3,3,-1,Developing
Timor-Leste,0.03744398778213044,7.918600660564375,4.423676477876443,9.204871599307387,20.302726139035826,0.06643575870518786,3.627413132013335,0.06167384494494418,0.03774032798284703,0.12622592641582858,4.191983031786017,4.144354982796762,0.24445333790096083,0.3932368000184843,0.3989826035426564,0.027689992129345586,13.81082227743943,0.24040902610767123,19.612970181153365,19.281296128830295,0,1,-1,Low Developed
Togo,0.03736988900843124,7.810290294854444,4.0736184317049835,8.109224953089955,21.61540700197954,0.06283033224406119,3.332204510175204,0.06477887686520348,0.0,0.11332868530700319,4.032196344425115,4.003128553950439,0.17589066646366422,0.3563287301675066,0.43447608793007186,0.027390658145220244,15.558019597501586,0.3050496106266909,18.734367895476048,18.524347527362888,0,1,-1,Low Developed
Tonga,0.027689992129345586,7.277141400209268,3.3155836289391636,9.204817456408795,19.487361701649416,0.05266542950252718,5.0488693273470915,0.012992158293652935,0.0882926071456783,0.1094751159910132,4.3205603125732805,4.249593539798422,0.262364264467491,0.3213028154736332,0.44596705141749426,0.05732506661926941,11.528598158018234,0.2087637324399538,18.942583259346208,18.829013537854802,1,0,-1,Moderately Developed
Trinidad and Tobago,0.014888612493750656,10.336226055222046,3.6109179126442243,9.718487025889349,23.560349112253817,0.04849708093169515,6.4813415025081405,0.022664290518726468,0.2915208487589466,0.10664430663005818,4.303025051508755,4.197780149470343,0.6296337748376193,0.1997961873172186,0.5327526896761715,0.07246376404123267,14.080259196486223,0.09299982067114064,20.096122451514425,19.022049966100962,1,0,-1,Moderately Developed
Tunisia,0.01746203201870631,9.934415842292236,2.738355550597539,9.109890854524984,24.27741340783855,0.057034474535858734,5.334575114570661,0.018972720424449363,0.17589066646366422,0.11332868530700319,4.3428059215206005,4.289405144793485,0.4747998015092286,0.2286667319703201,0.5166394598521373,0.06463467036124028,16.132924489024465,0.5014277556617863,21.735705557928778,19.981574617871782,1,0,-1,Moderately Developed
Turkey,0.018897240181367146,12.251953820786362,2.644536795379884,11.421633892045877,26.966833746261546,0.05638033343610764,6.0671783720468,0.024617562869896484,0.21386991452888057,0.11332868530700319,4.346797942790138,4.251786523133432,0.5123629030848772,0.24854135609867026,0.5015675148104147,0.06463467036124028,18.043741191251215,0.520852113181322,23.725480897955784,22.001310898781167,3,3,-1,Developing
Turkmenistan,0.022288223423925398,10.595330036195255,3.295836866004329,9.853444488430645,23.355679704682967,0.02731581064696293,4.530943863635994,0.055434706888100586,0.015267472130788436,0.11332868530700319,4.2440899485814425,4.119662370206391,0.23233197736861602,0.27815607463353814,0.4921601957673577,0.042543588649358324,15.387710542227108,0.38771882662142726,20.350025877585416,19.93800336967164,3,3,-1,Developing
Turks and Caicos Islands,0.019802627296179712,7.250144044311996,3.295836866004329,9.57073837671504,23.436618790804065,0.05921185963184608,5.267858159063328,0.019802627296179712,0.09531017980432487,0.11332868530700319,4.330733340286331,4.248495242049359,0.4054651081081644,0.2619795750994079,0.4962194713766286,0.050693114315518116,10.191715629746332,0.631967116052237,20.208972671405412,19.93800336967164,1,0,-1,Moderately Developed
Uganda,0.0451939619890796,8.123192879878657,3.3986299861569096,9.57073837671504,23.130617597234473,0.08094171173228698,3.458498235499496,0.06362464213887656,0.03774032798284703,0.1896026772920931,4.007333185232471,3.991828998696506,0.15634607039069398,0.3997565374873314,0.3943782341986544,0.02491772796295014,17.214659224493285,0.12581903640614595,19.98656858716098,19.73626372751078,0,1,-1,Low Developed
Ukraine,0.009721820359733627,12.51795405696292,3.3908880120032943,11.567786713296986,25.35646902928648,0.06506722750157282,5.0409406435915844,0.012232568435634406,0.09531017980432487,0.18762796569075083,4.3246419508929295,4.1660687430205465,0.5441116013994574,0.13922668209207276,0.5289073140856533,0.1427007636193336,17.666002823675125,0.5187937934151675,21.997747286750172,21.81624691579001,3,3,-1,Developing
United Arab Emirates,0.01587334915629015,11.590169941718164,2.972384909557,10.736532117803522,26.110005764900986,0.02641720342759084,7.015090766176068,0.008273373375031427,0.4054651081081644,0.10906135141714929,4.353745861558934,4.327692283710552,0.7382676158404149,0.1729185120498554,0.5901769682427043,0.006670013611806824,15.531682062954516,0.6020435255269839,21.97285895188109,22.553629458644846,3,0,-1,Developing
United Kingdom,0.012232568435634406,13.013284161070207,2.814947996078923,11.567786713296986,28.41501618410952,0.08136727383531211,8.0260696368489,0.004910998206627252,0.5260930958967791,0.03373230658530821,4.413264385169161,4.360645839648932,0.7197142079446671,0.16551443847757338,0.5056120567131033,0.15014265842971947,17.926879740808953,0.5888544706629492,24.37441147195802,24.3638954014613,2,2,-1,Highly Developed
United States,0.013675296200215466,15.011226578013241,2.4186572642467996,11.567786713296986,29.804982013196167,0.11170338958673914,8.84913871439487,0.006670013611806825,0.5031035776720805,0.05230047931417674,4.39729410680467,4.332755585667099,0.5396373210045363,0.18577711792110965,0.5124550647364792,0.11901304811158339,19.513750923980894,0.5882993539674378,25.427990261884787,24.3638954014613,2,2,-1,Highly Developed
Uruguay,0.015267472130788436,8.768681963472742,3.6516567436233283,8.337109129562474,23.988329253854232,0.08786998264125442,6.55808868611185,0.012080581202269408,0.2564295289476765,0.21192030582748647,4.387779287163331,4.2946655461926655,0.535142931416697,0.210572558755686,0.48843842858061676,0.12737788317543705,15.02281982855276,0.6601073264817451,20.813739164099896,19.905252907370603,1,0,-1,Moderately Developed
Uzbekistan,0.02138508495657693,11.523952900229668,3.1152232515555305,10.74448428375895,23.88597499379723,0.05230047931417674,3.8775908090066618,0.044311284476823656,0.10227884912041818,0.11332868530700319,4.274527080767306,4.1791098288498105,0.2564295289476765,0.2829207553500705,0.48735226758034855,0.044090493307573454,17.104453237802904,0.312168284756212,18.895958906148493,19.93800336967164,3,3,-1,Developing
Vanuatu,0.02873695602994552,7.232288395231881,3.7060390743967626,9.204020443231363,20.002354325797164,0.03633192924739028,4.42161710194489,0.017159620282826346,0.05971923470162228,0.06801803751631737,4.28411692517192,4.229637223414962,0.21386991452888054,0.3324531820192453,0.45112461375036883,0.03492154412698463,12.279106112037985,0.2103855904462697,18.807511779307696,16.84527262843171,0,0,-1,Low Developed
"Venezuela, RB",0.0216109460529634,11.94310019615573,4.423676477876443,10.993827255994576,26.104567835705325,0.053322004393887235,6.03179411271271,0.015343226837085791,0.18232155679395465,0.1897299442346766,4.3497815352570255,4.27130991981553,0.5031035776720805,0.2704380921018685,0.4932881214438514,0.050327443488318455,17.11828889435514,0.6342950254574367,20.435993938105522,21.45252238705111,3,3,-1,Developing
Vietnam,0.016630179586724338,11.349028210453183,3.694632106603386,10.622294982440627,25.07886557728168,0.0589943343436737,3.9644694808006884,0.022889862909622423,0.15634607039069398,0.11002653591124405,4.388734853409,4.263762714180148,0.43577045760349326,0.235983837787387,0.5119480705099624,0.06333587517181077,18.23742060498178,0.24643931634686117,21.796836413976294,20.714457931210173,3,3,-1,Developing
Virgin Islands (U.S.),0.012916225266546327,9.051344640485725,3.295836866004329,9.57073837671504,23.436618790804065,0.05921185963184608,5.267858159063328,0.019802627296179712,0.2564295289476765,0.11332868530700319,4.416056383260193,4.337793379697056,0.40032370860774574,0.2027524432048497,0.5074198306311578,0.10823330831159757,11.583735863241428,0.6618152688269012,20.881386648197218,19.93800336967164,1,0,-1,Moderately Developed
"Yemen, Rep.",0.03432710214187732,9.779061829928585,3.657626910609832,8.87071702196174,23.75110739234885,0.0471771423371834,3.912023005428146,0.053322004393887235,0.052446475372542496,0.17878968604918039,4.160084284705306,4.117159239988272,0.19506058257138437,0.37023641622442055,0.42184307452298,0.026866607974140328,16.843910928570693,0.25862948821412596,19.949575825839,19.223027220960063,0,1,-1,Low Developed
Zambia,0.04298580563769691,8.021155126661355,3.30151869947176,8.96284501537481,23.05058848534077,0.0618907882151301,3.9789624881032553,0.07296446145164291,0.03774032798284703,0.21192030582748647,3.9347542565899114,3.893388925883253,0.18871135489272564,0.3823801768642868,0.4102740394609138,0.02649211821205858,16.29221969334406,0.31537206458112654,18.50119672162782,18.50119672162782,0,1,-1,Low Developed
Zimbabwe,0.03149866705937099,9.238030364105528,4.382026634673881,9.186528333105409,22.6940502217331,0.05921185963184608,5.267858159063328,0.056598428017321796,0.08829260714567834,0.21192030582748647,3.9347542565899114,3.8910311108491924,0.2013697517646491,0.3466945357101676,0.43721220385735804,0.03662859913015655,16.369186843212805,0.2910034735641688,19.594115038600883,19.93800336967164,0,1,-1,Low Developed
